FID,FID_1,sFIPS,prFIPS,tFIPS,GeoID,TownName,CountyName,tFIPS20,cFIPS20,PRName,PUMA20code,PUMA20name,Shape__Area,Shape__Length
1,1,09,140,46940,0914046940,Middlebury,New Haven,0900946940,09009,Naugatuck Valley Planning Region,20702,Naugatuck Valley North,85309297.2578125,41046.231747623
2,2,09,140,58300,0914058300,Oxford,New Haven,0900958300,09009,Naugatuck Valley Planning Region,20703,Naugatuck Valley South,153716696.625,56189.8687299972
3,3,09,140,69640,0914069640,Southbury,New Haven,0900969640,09009,Naugatuck Valley Planning Region,20703,Naugatuck Valley South,184998110.328125,63007.6967895201
4,4,09,160,65930,0916065930,Roxbury,Litchfield,0900565930,09005,Northwest Hills Planning Region,20100,Northwest Hills,122000326.957031,45250.9960910728
5,5,09,190,08210,0919008210,Bridgewater,Litchfield,0900508210,09005,Western Connecticut Planning Region,20904,Western North,80053985.53125,44392.2182730089
6,6,09,140,87910,0914087910,Woodbury,Litchfield,0900587910,09005,Naugatuck Valley Planning Region,20702,Naugatuck Valley North,169651408.890625,53860.5456323842
7,7,09,190,52980,0919052980,Newtown,Fairfield,0900152980,09001,Western Connecticut Planning Region,20904,Western North,271519107.15625,76384.2118528464
8,8,09,140,67610,0914067610,Seymour,New Haven,0900967610,09009,Naugatuck Valley Planning Region,20703,Naugatuck Valley South,68959760.4609375,39826.8650684903
9,9,09,140,49950,0914049950,Naugatuck,New Haven,0900949950,09009,Naugatuck Valley Planning Region,20703,Naugatuck Valley South,76127621.8632813,37679.6176708206
10,10,09,140,03250,0914003250,Beacon Falls,New Haven,0900903250,09009,Naugatuck Valley Planning Region,20703,Naugatuck Valley South,45157987.4296875,32385.6928431976
11,11,09,120,48620,0912048620,Monroe,Fairfield,0900148620,09001,Greater Bridgeport Planning Region,20802,Bridgeport Suburban,120786885.238281,53237.7057493831
12,12,09,140,68170,0914068170,Shelton,Fairfield,0900168170,09001,Naugatuck Valley Planning Region,20703,Naugatuck Valley South,146555050.390625,55361.3608669066
13,13,09,140,80070,0914080070,Waterbury,New Haven,0900980070,09009,Naugatuck Valley Planning Region,20701,Waterbury Town,134153721.316406,51226.8580926558
14,14,09,140,04930,0914004930,Bethlehem,Litchfield,0900504930,09005,Naugatuck Valley Planning Region,20702,Naugatuck Valley North,91239497.0351563,38449.396534951
15,15,09,160,49460,0916049460,Morris,Litchfield,0900549460,09005,Northwest Hills Planning Region,20100,Northwest Hills,87005833.9101563,40627.399677557
16,16,09,140,75730,0914075730,Thomaston,Litchfield,0900575730,09005,Naugatuck Valley Planning Region,20702,Naugatuck Valley North,56697103.609375,44793.0080712028
17,17,09,140,80490,0914080490,Watertown,Litchfield,0900580490,09005,Naugatuck Valley Planning Region,20702,Naugatuck Valley North,136879696.695313,52540.6763745515
18,18,09,140,60750,0914060750,Plymouth,Litchfield,0900560750,09005,Naugatuck Valley Planning Region,20702,Naugatuck Valley North,103782213.894531,43211.6875364887
19,19,09,160,79720,0916079720,Washington,Litchfield,0900579720,09005,Northwest Hills Planning Region,20100,Northwest Hills,179411852.609375,54728.0736130051
20,20,09,140,62290,0914062290,Prospect,New Haven,0900962290,09009,Naugatuck Valley Planning Region,20702,Naugatuck Valley North,66743013.3203125,31756.5425385835
21,21,09,170,04580,0917004580,Bethany,New Haven,0900904580,09009,South Central Connecticut Planning Region,20602,South Central West,98908467.9023438,45447.5169864567
22,22,09,170,47535,0917047535,Milford,New Haven,0900947535,09009,South Central Connecticut Planning Region,20602,South Central West,113077941.542969,56050.173809206
23,23,09,170,57600,0917057600,Orange,New Haven,0900957600,09009,South Central Connecticut Planning Region,20602,South Central West,79962941.7460938,38441.2809620602
24,24,09,170,82870,0917082870,West Haven,New Haven,0900982870,09009,South Central Connecticut Planning Region,20602,South Central West,50100676.953125,43063.5460446148
25,25,09,120,74190,0912074190,Stratford,Fairfield,0900174190,09001,Greater Bridgeport Planning Region,20802,Bridgeport Suburban,91214885.3789063,52329.444228847
26,26,09,140,19550,0914019550,Derby,New Haven,0900919550,09009,Naugatuck Valley Planning Region,20703,Naugatuck Valley South,24847868.890625,27736.6182588687
27,27,09,170,52070,0917052070,New Haven,New Haven,0900952070,09009,South Central Connecticut Planning Region,20601,New Haven Town,92501480.484375,63420.6993395495
28,28,09,170,87700,0917087700,Woodbridge,New Haven,0900987700,09009,South Central Connecticut Planning Region,20602,South Central West,88277593.3632813,42446.0332699651
29,29,09,140,01220,0914001220,Ansonia,New Haven,0900901220,09009,Naugatuck Valley Planning Region,20703,Naugatuck Valley South,28454184.0195313,21839.7166188433
30,30,09,120,77200,0912077200,Trumbull,Fairfield,0900177200,09001,Greater Bridgeport Planning Region,20802,Bridgeport Suburban,107712005.925781,49041.923066746
31,31,09,120,08070,0912008070,Bridgeport,Fairfield,0900108070,09001,Greater Bridgeport Planning Region,20801,Bridgeport Town,88916667.2421875,50059.2510091258
32,32,09,120,23890,0912023890,Easton,Fairfield,0900123890,09001,Greater Bridgeport Planning Region,20802,Bridgeport Suburban,131545473.53125,59960.7320631915
33,33,09,190,63480,0919063480,Redding,Fairfield,0900163480,09001,Western Connecticut Planning Region,20902,Western Central,147093309.15625,52492.5849542446
34,34,09,130,57040,0913057040,Old Lyme,New London,0901157040,09011,Lower Connecticut River Valley Planning Region,20500,Lower Connecticut River Valley,119515333.113281,47074.148102414
35,35,09,130,81680,0913081680,Westbrook,Middlesex,0900781680,09007,Lower Connecticut River Valley Planning Region,20500,Lower Connecticut River Valley,94442953.6328125,44741.1021378304
36,36,09,130,44210,0913044210,Lyme,New London,0901144210,09011,Lower Connecticut River Valley Planning Region,20500,Lower Connecticut River Valley,158779518.882813,58308.5596867879
37,37,09,130,26270,0913026270,Essex,Middlesex,0900726270,09007,Lower Connecticut River Valley Planning Region,20500,Lower Connecticut River Valley,54536142.765625,32786.1091437724
38,38,09,130,57320,0913057320,Old Saybrook,Middlesex,0900757320,09007,Lower Connecticut River Valley Planning Region,20500,Lower Connecticut River Valley,83024788.28125,37891.0497036289
39,39,09,180,23400,0918023400,East Lyme,New London,0901123400,09011,Southeastern Connecticut Planning Region,20401,Shoreline Southeastern,176280980.464844,66589.7361044614
40,40,09,180,80280,0918080280,Waterford,New London,0901180280,09011,Southeastern Connecticut Planning Region,20401,Shoreline Southeastern,163633188.488281,63863.0389490926
41,41,09,130,14300,0913014300,Chester,Middlesex,0900714300,09007,Lower Connecticut River Valley Planning Region,20500,Lower Connecticut River Valley,77539963.6757813,36532.9142602443
42,42,09,130,19130,0913019130,Deep River,Middlesex,0900719130,09007,Lower Connecticut River Valley Planning Region,20500,Lower Connecticut River Valley,65194096.28125,42707.5714135976
43,43,09,130,22280,0913022280,East Haddam,Middlesex,0900722280,09007,Lower Connecticut River Valley Planning Region,20500,Lower Connecticut River Valley,261315387.707031,67816.3093489195
44,44,09,180,66210,0918066210,Salem,New London,0901166210,09011,Southeastern Connecticut Planning Region,20402,Inland Southeastern,137497576.511719,49840.1390041508
45,45,09,180,48900,0918048900,Montville,New London,0901148900,09011,Southeastern Connecticut Planning Region,20402,Inland Southeastern,203164124.546875,64696.1597082374
46,46,09,180,73770,0918073770,Stonington,New London,0901173770,09011,Southeastern Connecticut Planning Region,20401,Shoreline Southeastern,202288670.632813,66699.8847631509
47,47,09,180,55500,0918055500,North Stonington,New London,0901155500,09011,Southeastern Connecticut Planning Region,20402,Inland Southeastern,253783630.699219,65847.3766268003
48,48,09,180,42600,0918042600,Ledyard,New London,0901142600,09011,Southeastern Connecticut Planning Region,20402,Inland Southeastern,184513960.617188,55945.1585793509
49,49,09,180,34250,0918034250,Groton,New London,0901134250,09011,Southeastern Connecticut Planning Region,20401,Shoreline Southeastern,167611744.136719,56134.0698034997
50,50,09,180,62150,0918062150,Preston,New London,0901162150,09011,Southeastern Connecticut Planning Region,20402,Inland Southeastern,146779782.730469,68786.7578894389
51,51,09,180,52350,0918052350,New London,New London,0901152350,09011,Southeastern Connecticut Planning Region,20401,Shoreline Southeastern,34293045.2382813,30394.8268423951
52,52,09,180,33900,0918033900,Griswold,New London,0901133900,09011,Southeastern Connecticut Planning Region,20402,Inland Southeastern,171735905.355469,58673.6370403032
53,53,09,150,78600,0915078600,Voluntown,New London,0901178600,09011,Northeastern Connecticut Planning Region,20301,Northeastern Planning Region & Stafford Town,184335234.519531,57719.5903106947
54,54,09,150,67400,0915067400,Scotland,Windham,0901567400,09015,Northeastern Connecticut Planning Region,20301,Northeastern Planning Region & Stafford Town,86857961.0820313,38283.5516630551
55,55,09,180,43230,0918043230,Lisbon,New London,0901143230,09011,Southeastern Connecticut Planning Region,20402,Inland Southeastern,77352612.78125,42174.0701398737
56,56,09,150,36000,0915036000,Hampton,Windham,0901536000,09015,Northeastern Connecticut Planning Region,20301,Northeastern Planning Region & Stafford Town,118867980.097656,43314.3255672412
57,57,09,150,09190,0915009190,Brooklyn,Windham,0901509190,09015,Northeastern Connecticut Planning Region,20301,Northeastern Planning Region & Stafford Town,136331005.761719,53028.5937032974
58,58,09,150,12130,0915012130,Canterbury,Windham,0901512130,09015,Northeastern Connecticut Planning Region,20301,Northeastern Planning Region & Stafford Town,186943550.265625,64531.034092104
59,59,09,150,59980,0915059980,Plainfield,Windham,0901559980,09015,Northeastern Connecticut Planning Region,20301,Northeastern Planning Region & Stafford Town,199847882.582031,63582.379117793
60,60,09,180,71670,0918071670,Sprague,New London,0901171670,09011,Southeastern Connecticut Planning Region,20402,Inland Southeastern,64110029.3320313,35633.2216595162
61,61,09,110,44910,0911044910,Mansfield,Tolland,0901344910,09013,Capitol Planning Region,20203,Capitol East,212865965.402344,69418.9393439609
62,62,09,150,01430,0915001430,Ashford,Windham,0901501430,09015,Northeastern Connecticut Planning Region,20301,Northeastern Planning Region & Stafford Town,184607517.417969,58130.0632179948
63,63,09,150,13810,0915013810,Chaplin,Windham,0901513810,09015,Northeastern Connecticut Planning Region,20301,Northeastern Planning Region & Stafford Town,91055729.2382813,39525.2718548756
64,64,09,150,21860,0915021860,Eastford,Windham,0901521860,09015,Northeastern Connecticut Planning Region,20301,Northeastern Planning Region & Stafford Town,136880511.332031,59378.6011526619
65,65,09,180,86790,0918086790,Windham,Windham,0901586790,09015,Southeastern Connecticut Planning Region,20402,Inland Southeastern,128727493.507813,56013.4899607376
66,66,09,180,29910,0918029910,Franklin,New London,0901129910,09011,Southeastern Connecticut Planning Region,20402,Inland Southeastern,91804544.3554688,40613.5411286165
67,67,09,180,56270,0918056270,Norwich,New London,0901156270,09011,Southeastern Connecticut Planning Region,20402,Inland Southeastern,136099723.800781,53853.5729648703
68,68,09,180,42390,0918042390,Lebanon,New London,0901142390,09011,Southeastern Connecticut Planning Region,20402,Inland Southeastern,256353280.589844,74566.0627677781
69,69,09,180,06820,0918006820,Bozrah,New London,0901106820,09011,Southeastern Connecticut Planning Region,20402,Inland Southeastern,93679322.2421875,41251.8746011169
70,70,09,150,61030,0915061030,Pomfret,Windham,0901561030,09015,Northeastern Connecticut Planning Region,20301,Northeastern Planning Region & Stafford Town,189654511.328125,62306.1837329024
71,71,09,170,07310,0917007310,Branford,New Haven,0900907310,09009,South Central Connecticut Planning Region,20604,South Central East,128484448.441406,56041.5528044228
72,72,09,170,34950,0917034950,Guilford,New Haven,0900934950,09009,South Central Connecticut Planning Region,20604,South Central East,226631832.644531,79927.507220758
73,73,09,170,22910,0917022910,East Haven,New Haven,0900922910,09009,South Central Connecticut Planning Region,20604,South Central East,61993689.5703125,51845.6702946573
74,74,09,170,53890,0917053890,North Branford,New Haven,0900953890,09009,South Central Connecticut Planning Region,20604,South Central East,122713605.042969,52867.926481093
75,75,09,170,44560,0917044560,Madison,New Haven,0900944560,09009,South Central Connecticut Planning Region,20604,South Central East,168449582.394531,95597.4050485937
76,76,09,130,15350,0913015350,Clinton,Middlesex,0900715350,09007,Lower Connecticut River Valley Planning Region,20500,Lower Connecticut River Valley,83890928.0507813,44000.9712018472
77,77,09,130,20810,0913020810,Durham,Middlesex,0900720810,09007,Lower Connecticut River Valley Planning Region,20500,Lower Connecticut River Valley,109909481.058594,46739.836497911
78,78,09,130,35230,0913035230,Haddam,Middlesex,0900735230,09007,Lower Connecticut River Valley Planning Region,20500,Lower Connecticut River Valley,213663318.574219,61822.8796379567
79,79,09,130,40710,0913040710,Killingworth,Middlesex,0900740710,09007,Lower Connecticut River Valley Planning Region,20500,Lower Connecticut River Valley,164746835.960938,66567.0977521141
80,80,09,170,78740,0917078740,Wallingford,New Haven,0900978740,09009,South Central Connecticut Planning Region,20603,South Central North,184580318.054688,59754.7503045868
81,81,09,170,35650,0917035650,Hamden,New Haven,0900935650,09009,South Central Connecticut Planning Region,20603,South Central North,153453565.398438,70926.0056741844
82,82,09,130,22490,0913022490,East Hampton,Middlesex,0900722490,09007,Lower Connecticut River Valley Planning Region,20500,Lower Connecticut River Valley,170870188.757813,64542.2472085688
83,83,09,130,47360,0913047360,Middletown,Middlesex,0900747360,09007,Lower Connecticut River Valley Planning Region,20500,Lower Connecticut River Valley,196058142.519531,72681.7825238388
84,84,09,170,46520,0917046520,Meriden,New Haven,0900946520,09009,South Central Connecticut Planning Region,20603,South Central North,111474057.097656,50210.8161507487
85,85,09,130,47080,0913047080,Middlefield,Middlesex,0900747080,09007,Lower Connecticut River Valley Planning Region,20500,Lower Connecticut River Valley,61305457.7617188,31508.7537752973
86,86,09,190,04720,0919004720,Bethel,Fairfield,0900104720,09001,Western Connecticut Planning Region,20904,Western North,78337548.3242188,39349.5661779028
87,87,09,190,08980,0919008980,Brookfield,Fairfield,0900108980,09001,Western Connecticut Planning Region,20904,Western North,93858512.7851563,45841.7942437075
88,88,09,190,52630,0919052630,New Milford,Litchfield,0900552630,09005,Western Connecticut Planning Region,20904,Western North,295454113.457031,84615.5181418234
89,89,09,190,18500,0919018500,Danbury,Fairfield,0900118500,09001,Western Connecticut Planning Region,20904,Western North,203966922.132813,63394.3269668071
90,90,09,190,50860,0919050860,New Fairfield,Fairfield,0900150860,09001,Western Connecticut Planning Region,20904,Western North,116001489.238281,50103.8806931917
91,91,09,140,14160,0914014160,Cheshire,New Haven,0900914160,09009,Naugatuck Valley Planning Region,20702,Naugatuck Valley North,154031395.675781,55331.3961362361
92,92,09,140,87560,0914087560,Wolcott,New Haven,0900987560,09009,Naugatuck Valley Planning Region,20702,Naugatuck Valley North,97655012.6289063,39103.0785972671
93,93,09,110,70550,0911070550,Southington,Hartford,0900370550,09003,Capitol Planning Region,20206,"New Britain, Southington, Berlin & Plainville Towns",169775654.605469,61901.2093905222
94,94,09,160,02760,0916002760,Barkhamsted,Litchfield,0900502760,09005,Northwest Hills Planning Region,20100,Northwest Hills,181843350.777344,55727.298287183
95,95,09,160,37140,0916037140,Hartland,Hartford,0900337140,09003,Northwest Hills Planning Region,20100,Northwest Hills,161995132.652344,53132.6415249907
96,96,09,110,12270,0911012270,Canton,Hartford,0900312270,09003,Capitol Planning Region,20207,Capitol West,116934054.304688,50616.82998545
97,97,09,110,32640,0911032640,Granby,Hartford,0900332640,09003,Capitol Planning Region,20207,Capitol West,191618206.242188,61877.0048315298
98,98,09,160,16050,0916016050,Colebrook,Litchfield,0900516050,09005,Northwest Hills Planning Region,20100,Northwest Hills,154525083.183594,50510.7472085255
99,99,09,160,51350,0916051350,New Hartford,Litchfield,0900551350,09005,Northwest Hills Planning Region,20100,Northwest Hills,178284589.390625,55736.1501988438
100,100,09,160,76570,0916076570,Torrington,Litchfield,0900576570,09005,Northwest Hills Planning Region,20100,Northwest Hills,188248363.214844,63138.8988187002
101,101,09,160,86440,0916086440,Winchester,Litchfield,0900586440,09005,Northwest Hills Planning Region,20100,Northwest Hills,158346557.34375,51232.0321811668
102,102,09,160,32290,0916032290,Goshen,Litchfield,0900532290,09005,Northwest Hills Planning Region,20100,Northwest Hills,211080071.722656,61959.2821698303
103,103,09,160,37280,0916037280,Harwinton,Litchfield,0900537280,09005,Northwest Hills Planning Region,20100,Northwest Hills,145042136.640625,47938.3500869172
104,104,09,160,43370,0916043370,Litchfield,Litchfield,0900543370,09005,Northwest Hills Planning Region,20100,Northwest Hills,264464728.972656,80091.5378525754
105,105,09,160,10100,0916010100,Burlington,Hartford,0900310100,09003,Northwest Hills Planning Region,20100,Northwest Hills,141661514.574219,50141.4597781964
106,106,09,110,68940,0911068940,Simsbury,Hartford,0900368940,09003,Capitol Planning Region,20207,Capitol West,160335414.683594,52643.4971067559
107,107,09,160,53470,0916053470,Norfolk,Litchfield,0900553470,09005,Northwest Hills Planning Region,20100,Northwest Hills,217846679.277344,62056.9677647841
108,108,09,110,02060,0911002060,Avon,Hartford,0900302060,09003,Capitol Planning Region,20207,Capitol West,109999003.953125,44561.1029950328
109,109,09,170,54870,0917054870,North Haven,New Haven,0900954870,09009,South Central Connecticut Planning Region,20604,South Central East,97225168.3203125,50643.9706831481
110,110,09,110,04300,0911004300,Berlin,Hartford,0900304300,09003,Capitol Planning Region,20206,"New Britain, Southington, Berlin & Plainville Towns",125130303.621094,55324.0334045625
111,111,09,140,08490,0914008490,Bristol,Hartford,0900308490,09003,Naugatuck Valley Planning Region,20702,Naugatuck Valley North,124543143.886719,46591.2092521749
112,112,09,110,50440,0911050440,New Britain,Hartford,0900350440,09003,Capitol Planning Region,20206,"New Britain, Southington, Berlin & Plainville Towns",62574096.4140625,32197.0886838898
113,113,09,110,60120,0911060120,Plainville,Hartford,0900360120,09003,Capitol Planning Region,20206,"New Britain, Southington, Berlin & Plainville Towns",45439824.4609375,27889.7712350541
114,114,09,110,45820,0911045820,Marlborough,Hartford,0900345820,09003,Capitol Planning Region,20203,Capitol East,109146472.945313,43135.1322623571
115,115,09,110,31240,0911031240,Glastonbury,Hartford,0900331240,09003,Capitol Planning Region,20205,"Glastonbury, Wethersfield, Rocky Hill & Newington Towns",242538348.980469,74885.2004841095
116,116,09,180,15910,0918015910,Colchester,New London,0901115910,09011,Southeastern Connecticut Planning Region,20402,Inland Southeastern,230320087.007813,75274.7680209267
117,117,09,130,61800,0913061800,Portland,Middlesex,0900761800,09007,Lower Connecticut River Valley Planning Region,20500,Lower Connecticut River Valley,115203909.136719,47742.2069567302
118,118,09,110,01080,0911001080,Andover,Tolland,0901301080,09013,Capitol Planning Region,20203,Capitol East,73047864.8085938,35310.6247862004
119,119,09,110,16400,0911016400,Columbia,Tolland,0901316400,09013,Capitol Planning Region,20203,Capitol East,102206598.101563,52733.4600070106
120,120,09,110,06260,0911006260,Bolton,Tolland,0901306260,09013,Capitol Planning Region,20203,Capitol East,68504361.1132813,34268.8131197721
121,121,09,110,37910,0911037910,Hebron,Tolland,0901337910,09013,Capitol Planning Region,20203,Capitol East,172955399.984375,62613.2111168466
122,122,09,110,65370,0911065370,Rocky Hill,Hartford,0900365370,09003,Capitol Planning Region,20205,"Glastonbury, Wethersfield, Rocky Hill & Newington Towns",64301467.5234375,37662.2134780375
123,123,09,130,18080,0913018080,Cromwell,Middlesex,0900718080,09007,Lower Connecticut River Valley Planning Region,20500,Lower Connecticut River Valley,60053719.9375,38190.0902598493
124,124,09,110,22630,0911022630,East Hartford,Hartford,0900322630,09003,Capitol Planning Region,20204,"East Hartford, Manchester & Vernon Towns",87315791.3359375,38147.3530749487
125,125,09,110,37070,0911037070,Hartford,Hartford,0900337070,09003,Capitol Planning Region,20201,Hartford Town,84124032.5859375,45285.4343439815
126,126,09,110,44700,0911044700,Manchester,Hartford,0900344700,09003,Capitol Planning Region,20204,"East Hartford, Manchester & Vernon Towns",129005516.722656,46719.7720136046
127,127,09,110,84900,0911084900,Wethersfield,Hartford,0900384900,09003,Capitol Planning Region,20205,"Glastonbury, Wethersfield, Rocky Hill & Newington Towns",60921618.828125,40898.7202050701
128,128,09,110,05910,0911005910,Bloomfield,Hartford,0900305910,09003,Capitol Planning Region,20202,Connecticut River North,122602677.316406,52367.878475031
129,129,09,110,27600,0911027600,Farmington,Hartford,0900327600,09003,Capitol Planning Region,20207,Capitol West,133929814.359375,54239.146125832
130,130,09,110,82590,0911082590,West Hartford,Hartford,0900382590,09003,Capitol Planning Region,20207,Capitol West,103721279.914063,45376.620694195
131,131,09,110,52140,0911052140,Newington,Hartford,0900352140,09003,Capitol Planning Region,20205,"Glastonbury, Wethersfield, Rocky Hill & Newington Towns",61074462.015625,34026.3900549258
132,132,09,110,22070,0911022070,East Granby,Hartford,0900322070,09003,Capitol Planning Region,20207,Capitol West,82670104.2539063,44426.009663767
133,133,09,110,87000,0911087000,Windsor,Hartford,0900387000,09003,Capitol Planning Region,20202,Connecticut River North,144729042.839844,58811.6902905889
134,134,09,110,71390,0911071390,South Windsor,Hartford,0900371390,09003,Capitol Planning Region,20202,Connecticut River North,133837846.328125,49201.1641159469
135,135,09,110,87070,0911087070,Windsor Locks,Hartford,0900387070,09003,Capitol Planning Region,20202,Connecticut River North,43851987.2304688,28449.9318838146
136,136,09,110,24800,0911024800,East Windsor,Hartford,0900324800,09003,Capitol Planning Region,20202,Connecticut River North,125482698.773438,44992.5821056502
137,137,09,110,74540,0911074540,Suffield,Hartford,0900374540,09003,Capitol Planning Region,20202,Connecticut River North,201576744.910156,64848.5838889939
138,138,09,110,25990,0911025990,Enfield,Hartford,0900325990,09003,Capitol Planning Region,20202,Connecticut River North,160721606.902344,53231.6076414742
139,139,09,110,25360,0911025360,Ellington,Tolland,0901325360,09013,Capitol Planning Region,20203,Capitol East,161830663.402344,71754.0002110762
140,140,09,110,78250,0911078250,Vernon,Tolland,0901378250,09013,Capitol Planning Region,20204,"East Hartford, Manchester & Vernon Towns",84508764.9335938,38355.0964699394
141,141,09,110,69220,0911069220,Somers,Tolland,0901369220,09013,Capitol Planning Region,20203,Capitol East,134077755.300781,46728.0621199861
142,142,09,110,72090,0911072090,Stafford,Tolland,0901372090,09013,Capitol Planning Region,20301,Northeastern Planning Region & Stafford Town,275656406.78125,68755.7446659293
143,143,09,110,76290,0911076290,Tolland,Tolland,0901376290,09013,Capitol Planning Region,20203,Capitol East,188215304.125,57985.2685811585
144,144,09,110,17800,0911017800,Coventry,Tolland,0901317800,09013,Capitol Planning Region,20203,Capitol East,178277835.101563,71500.5483400677
145,145,09,150,40500,0915040500,Killingly,Windham,0901540500,09015,Northeastern Connecticut Planning Region,20301,Northeastern Planning Region & Stafford Town,232786463.882813,72545.1414635994
146,146,09,150,73420,0915073420,Sterling,Windham,0901573420,09015,Northeastern Connecticut Planning Region,20301,Northeastern Planning Region & Stafford Town,126881205.648438,51983.2935924842
147,147,09,150,62710,0915062710,Putnam,Windham,0901562710,09015,Northeastern Connecticut Planning Region,20301,Northeastern Planning Region & Stafford Town,95532242.7617188,45162.1087964816
148,148,09,150,75870,0915075870,Thompson,Windham,0901575870,09015,Northeastern Connecticut Planning Region,20301,Northeastern Planning Region & Stafford Town,228218328.535156,61245.8727666266
149,149,09,150,88190,0915088190,Woodstock,Windham,0901588190,09015,Northeastern Connecticut Planning Region,20301,Northeastern Planning Region & Stafford Town,290073917.753906,68362.1023608591
150,150,09,110,85950,0911085950,Willington,Tolland,0901385950,09013,Capitol Planning Region,20203,Capitol East,156766149.765625,61500.3523226417
151,151,09,150,77830,0915077830,Union,Tolland,0901377830,09013,Northeastern Connecticut Planning Region,20301,Northeastern Planning Region & Stafford Town,139919867.15625,48569.8236627772
152,152,09,160,40290,0916040290,Kent,Litchfield,0900540290,09005,Northwest Hills Planning Region,20100,Northwest Hills,230881870.363281,65523.0083760427
153,153,09,190,68310,0919068310,Sherman,Fairfield,0900168310,09001,Western Connecticut Planning Region,20904,Western North,108612934.574219,55747.2398894056
154,154,09,160,79510,0916079510,Warren,Litchfield,0900579510,09005,Northwest Hills Planning Region,20100,Northwest Hills,128253609.925781,43578.3604316701
155,155,09,160,66420,0916066420,Salisbury,Litchfield,0900566420,09005,Northwest Hills Planning Region,20100,Northwest Hills,281792825.011719,76321.1926663911
156,156,09,160,10940,0916010940,Canaan,Litchfield,0900510940,09005,Northwest Hills Planning Region,20100,Northwest Hills,155781360.660156,53518.5384921359
157,157,09,160,54030,0916054030,North Canaan,Litchfield,0900554030,09005,Northwest Hills Planning Region,20100,Northwest Hills,91471766.0429688,40317.1243731504
158,158,09,160,17240,0916017240,Cornwall,Litchfield,0900517240,09005,Northwest Hills Planning Region,20100,Northwest Hills,216329359.339844,69753.7413542128
159,159,09,160,67960,0916067960,Sharon,Litchfield,0900567960,09005,Northwest Hills Planning Region,20100,Northwest Hills,278283521.105469,69433.8245471897
160,160,09,190,56060,0919056060,Norwalk,Fairfield,0900156060,09001,Western Connecticut Planning Region,20903,Norwalk & Westport Towns,130482509.992188,50609.3696478785
161,161,09,190,18850,0919018850,Darien,Fairfield,0900118850,09001,Western Connecticut Planning Region,20902,Western Central,67679648.8085938,35843.170612259
162,162,09,190,50580,0919050580,New Canaan,Fairfield,0900150580,09001,Western Connecticut Planning Region,20902,Western Central,103008632.90625,43828.6032001385
163,163,09,190,73070,0919073070,Stamford,Fairfield,0900173070,09001,Western Connecticut Planning Region,20901,Stamford & Greenwich Towns,186130990.183594,67813.3305772077
164,164,09,190,83500,0919083500,Westport,Fairfield,0900183500,09001,Western Connecticut Planning Region,20903,Norwalk & Westport Towns,118084016.832031,55591.6496737846
165,165,09,120,26620,0912026620,Fairfield,Fairfield,0900126620,09001,Greater Bridgeport Planning Region,20802,Bridgeport Suburban,143588653,57493.872211241
166,166,09,190,83430,0919083430,Weston,Fairfield,0900183430,09001,Western Connecticut Planning Region,20902,Western Central,94747950.4648438,40267.5733131569
167,167,09,190,86370,0919086370,Wilton,Fairfield,0900186370,09001,Western Connecticut Planning Region,20902,Western Central,124939110.414063,48046.5519964842
168,168,09,190,63970,0919063970,Ridgefield,Fairfield,0900163970,09001,Western Connecticut Planning Region,20902,Western Central,160776367.8125,54114.9805191168
169,169,09,190,33620,0919033620,Greenwich,Fairfield,0900133620,09001,Western Connecticut Planning Region,20901,Stamford & Greenwich Towns,252824019.425781,75899.6640693726
